kepid,planet_status
1026032,FALSE POSITIVE
1293379,FALSE POSITIVE
1297263,FALSE POSITIVE
1432789,CANDIDATE
1433531,FALSE POSITIVE
1434395,FALSE POSITIVE
1717528,CANDIDATE
1718189,CANDIDATE
1870398,FALSE POSITIVE
2010152,FALSE POSITIVE
2012722,FALSE POSITIVE
2013883,FALSE POSITIVE
2019477,CANDIDATE
2142501,CANDIDATE
2161949,CANDIDATE
2161949,CANDIDATE
2163226,FALSE POSITIVE
2167444,FALSE POSITIVE
2283362,FALSE POSITIVE
2284957,FALSE POSITIVE
2299738,FALSE POSITIVE
2301068,CANDIDATE
2302758,FALSE POSITIVE
2305372,FALSE POSITIVE
2305819,FALSE POSITIVE
2305866,CANDIDATE
2306740,FALSE POSITIVE
2308957,FALSE POSITIVE
2422820,CANDIDATE
2437112,FALSE POSITIVE
2437452,FALSE POSITIVE
2438061,FALSE POSITIVE
2438062,FALSE POSITIVE
2438406,CANDIDATE
2438517,CANDIDATE
2442084,FALSE POSITIVE
2449053,FALSE POSITIVE
2449245,CANDIDATE
2450716,FALSE POSITIVE
2557350,CANDIDATE
2568971,FALSE POSITIVE
2569516,FALSE POSITIVE
2570505,FALSE POSITIVE
2570767,FALSE POSITIVE
2571075,FALSE POSITIVE
2576224,FALSE POSITIVE
2576692,FALSE POSITIVE
2580872,FALSE POSITIVE
2581191,FALSE POSITIVE
2583777,FALSE POSITIVE
2693092,FALSE POSITIVE
2697935,FALSE POSITIVE
2708172,FALSE POSITIVE
2708445,FALSE POSITIVE
2708614,FALSE POSITIVE
2711114,FALSE POSITIVE
2711123,FALSE POSITIVE
2712825,FALSE POSITIVE
2713018,FALSE POSITIVE
2716801,CANDIDATE
2716979,CANDIDATE
2720354,FALSE POSITIVE
2834463,CANDIDATE
2834805,CANDIDATE
2837111,CANDIDATE
2852560,FALSE POSITIVE
2852941,CONFIRMED
2853780,FALSE POSITIVE
2853828,FALSE POSITIVE
2854181,CANDIDATE
2856960,FALSE POSITIVE
2859299,FALSE POSITIVE
2860114,CONFIRMED
2860594,FALSE POSITIVE
2860788,FALSE POSITIVE
2861126,CANDIDATE
2969638,FALSE POSITIVE
2970670,FALSE POSITIVE
2973509,FALSE POSITIVE
2984990,CANDIDATE
2985587,FALSE POSITIVE
2998124,FALSE POSITIVE
3098194,FALSE POSITIVE
3102024,FALSE POSITIVE
3110937,FALSE POSITIVE
3113266,FALSE POSITIVE
3115480,FALSE POSITIVE
3120320,FALSE POSITIVE
3123418,FALSE POSITIVE
3219037,CANDIDATE
3222680,FALSE POSITIVE
3228740,FALSE POSITIVE
3229028,FALSE POSITIVE
3230095,CANDIDATE
3230206,CANDIDATE
3230227,FALSE POSITIVE
3230805,CANDIDATE
3234598,CONFIRMED
3235282,FALSE POSITIVE
3240158,CANDIDATE
3241344,FALSE POSITIVE
3241619,FALSE POSITIVE
3241647,FALSE POSITIVE
3241662,FALSE POSITIVE
3245000,FALSE POSITIVE
3247294,FALSE POSITIVE
3248332,FALSE POSITIVE
3249334,CANDIDATE
3324069,FALSE POSITIVE
3327980,FALSE POSITIVE
3329643,FALSE POSITIVE
3335816,FALSE POSITIVE
3337061,FALSE POSITIVE
3337438,FALSE POSITIVE
3337548,FALSE POSITIVE
3341760,FALSE POSITIVE
3341934,FALSE POSITIVE
3342952,FALSE POSITIVE
3343281,CANDIDATE
3343866,FALSE POSITIVE
3344427,FALSE POSITIVE
3346543,CANDIDATE
3347485,FALSE POSITIVE
3352751,FALSE POSITIVE
3356193,CANDIDATE
3427776,FALSE POSITIVE
3437739,FALSE POSITIVE
3438976,FALSE POSITIVE
3441340,FALSE POSITIVE
3443582,FALSE POSITIVE
3448323,FALSE POSITIVE
3448456,FALSE POSITIVE
3458687,FALSE POSITIVE
3458919,FALSE POSITIVE
3459529,FALSE POSITIVE
3529290,CONFIRMED
3533483,FALSE POSITIVE
3542573,FALSE POSITIVE
3543270,FALSE POSITIVE
3544678,CONFIRMED
3545626,CONFIRMED
3547178,CANDIDATE
3547760,FALSE POSITIVE
3548044,FALSE POSITIVE
3548622,FALSE POSITIVE
3548645,CANDIDATE
3556742,FALSE POSITIVE
3558803,FALSE POSITIVE
3629119,FALSE POSITIVE
3634169,FALSE POSITIVE
3644174,CANDIDATE
3644631,FALSE POSITIVE
3644738,FALSE POSITIVE
3645438,CANDIDATE
3645438,FALSE POSITIVE
3646449,CANDIDATE
3655326,FALSE POSITIVE
3656322,FALSE POSITIVE
3656700,FALSE POSITIVE
3659940,FALSE POSITIVE
3662635,FALSE POSITIVE
3663494,CANDIDATE
3663850,FALSE POSITIVE
3730176,FALSE POSITIVE
3733638,CANDIDATE
3734501,CANDIDATE
3746248,FALSE POSITIVE
3748855,CANDIDATE
3748855,CANDIDATE
3749508,FALSE POSITIVE
3757588,FALSE POSITIVE
3764411,FALSE POSITIVE
3764714,FALSE POSITIVE
3765692,CANDIDATE
3765917,CANDIDATE
3766353,FALSE POSITIVE
3830820,FALSE POSITIVE
3831523,FALSE POSITIVE
3834364,FALSE POSITIVE
3836413,FALSE POSITIVE
3836439,FALSE POSITIVE
3836450,FALSE POSITIVE
3838004,CANDIDATE
3848083,CANDIDATE
3849187,CANDIDATE
3851134,FALSE POSITIVE
3851193,FALSE POSITIVE
3854496,CANDIDATE
3858757,FALSE POSITIVE
3858767,CANDIDATE
3858884,FALSE POSITIVE
3858917,FALSE POSITIVE
3858919,FALSE POSITIVE
3859363,FALSE POSITIVE
3862246,FALSE POSITIVE
3936061,CANDIDATE
3936658,CANDIDATE
3937814,CANDIDATE
3937814,CANDIDATE
3938073,FALSE POSITIVE
3954211,FALSE POSITIVE
3954227,FALSE POSITIVE
3955867,FALSE POSITIVE
3958301,FALSE POSITIVE
3962684,CANDIDATE
3962728,FALSE POSITIVE
3965201,FALSE POSITIVE
3972391,FALSE POSITIVE
3972432,CANDIDATE
3973002,FALSE POSITIVE
3973504,FALSE POSITIVE
4042088,CANDIDATE
4055092,FALSE POSITIVE
4056579,FALSE POSITIVE
4067549,FALSE POSITIVE
4068391,CANDIDATE
4069063,FALSE POSITIVE
4069213,FALSE POSITIVE
4072271,FALSE POSITIVE
4073089,FALSE POSITIVE
4074294,FALSE POSITIVE
4074736,CONFIRMED
4075064,FALSE POSITIVE
4076061,FALSE POSITIVE
4076952,FALSE POSITIVE
4076976,FALSE POSITIVE
4077252,FALSE POSITIVE
4078157,CANDIDATE
4078693,FALSE POSITIVE
4142768,FALSE POSITIVE
4142847,CONFIRMED
4149684,FALSE POSITIVE
4150539,FALSE POSITIVE
4150611,FALSE POSITIVE
4150611,FALSE POSITIVE
4150624,FALSE POSITIVE
4150703,CANDIDATE
4157325,CONFIRMED
4157488,FALSE POSITIVE
4160669,FALSE POSITIVE
4169315,CANDIDATE
4171955,FALSE POSITIVE
4174507,FALSE POSITIVE
4180396,FALSE POSITIVE
4245897,FALSE POSITIVE
4247991,CANDIDATE
4252226,FALSE POSITIVE
4252671,CANDIDATE
4261960,FALSE POSITIVE
4269252,FALSE POSITIVE
4274071,CANDIDATE
4276445,FALSE POSITIVE
4281895,FALSE POSITIVE
4282390,FALSE POSITIVE
4284147,FALSE POSITIVE
4285087,FALSE POSITIVE
4346875,FALSE POSITIVE
4349442,FALSE POSITIVE
4349935,FALSE POSITIVE
4352168,FALSE POSITIVE
4356621,CANDIDATE
4357985,CANDIDATE
4367544,FALSE POSITIVE
4371172,CANDIDATE
4372410,FALSE POSITIVE
4372620,CANDIDATE
4372961,FALSE POSITIVE
4375101,FALSE POSITIVE
4376629,FALSE POSITIVE
4380283,FALSE POSITIVE
4380560,FALSE POSITIVE
4384652,FALSE POSITIVE
4384793,FALSE POSITIVE
4390912,FALSE POSITIVE
4445630,FALSE POSITIVE
4446411,FALSE POSITIVE
4446859,FALSE POSITIVE
4454219,FALSE POSITIVE
4455763,FALSE POSITIVE
4456622,FALSE POSITIVE
4459068,FALSE POSITIVE
4464394,CANDIDATE
4470888,FALSE POSITIVE
4472143,FALSE POSITIVE
4474637,FALSE POSITIVE
4482738,FALSE POSITIVE
4483235,FALSE POSITIVE
4484312,CANDIDATE
4484356,FALSE POSITIVE
4489844,FALSE POSITIVE
4540632,FALSE POSITIVE
4544623,FALSE POSITIVE
4547480,FALSE POSITIVE
4548011,CANDIDATE
4548098,FALSE POSITIVE
4557341,FALSE POSITIVE
4565985,FALSE POSITIVE
4566999,FALSE POSITIVE
4567118,FALSE POSITIVE
4569590,FALSE POSITIVE
4569942,CANDIDATE
4572728,FALSE POSITIVE
4574310,FALSE POSITIVE
4575824,FALSE POSITIVE
4577484,FALSE POSITIVE
4578594,FALSE POSITIVE
4586482,FALSE POSITIVE
4587448,FALSE POSITIVE
4633434,FALSE POSITIVE
4645492,FALSE POSITIVE
4651399,FALSE POSITIVE
4661634,FALSE POSITIVE
4662363,FALSE POSITIVE
4663658,FALSE POSITIVE
4665571,CONFIRMED
4665989,FALSE POSITIVE
4671584,FALSE POSITIVE
4678171,FALSE POSITIVE
4680745,FALSE POSITIVE
4681152,FALSE POSITIVE
4725292,FALSE POSITIVE
4729553,FALSE POSITIVE
4732015,FALSE POSITIVE
4735826,CANDIDATE
4735826,CANDIDATE
4736208,FALSE POSITIVE
4736569,CANDIDATE
4737267,FALSE POSITIVE
4737302,FALSE POSITIVE
4738095,FALSE POSITIVE
4739194,FALSE POSITIVE
4739229,CANDIDATE
4739229,CONFIRMED
4739565,FALSE POSITIVE
4740676,FALSE POSITIVE
4740688,CANDIDATE
4742188,FALSE POSITIVE
4742420,CANDIDATE
4742420,FALSE POSITIVE
4742452,CANDIDATE
4750406,FALSE POSITIVE
4753561,FALSE POSITIVE
4753988,FALSE POSITIVE
4757331,FALSE POSITIVE
4758350,FALSE POSITIVE
4758350,CANDIDATE
4758368,FALSE POSITIVE
4760959,FALSE POSITIVE
4763020,FALSE POSITIVE
4764969,FALSE POSITIVE
4768756,FALSE POSITIVE
4769824,CANDIDATE
4770174,CANDIDATE
4770617,CANDIDATE
4772095,FALSE POSITIVE
4773155,FALSE POSITIVE
4813750,CANDIDATE
4826439,FALSE POSITIVE
4830859,FALSE POSITIVE
4831728,CANDIDATE
4832273,FALSE POSITIVE
4839180,FALSE POSITIVE
4840263,FALSE POSITIVE
4840513,CANDIDATE
4840818,FALSE POSITIVE
4843592,FALSE POSITIVE
4844004,FALSE POSITIVE
4847801,FALSE POSITIVE
4847832,FALSE POSITIVE
4851195,FALSE POSITIVE
4851217,FALSE POSITIVE
4851338,FALSE POSITIVE
4851356,FALSE POSITIVE
4860678,CANDIDATE
4862332,FALSE POSITIVE
4862625,FALSE POSITIVE
4862625,CANDIDATE
4862625,FALSE POSITIVE
4862924,FALSE POSITIVE
4863369,CANDIDATE
4863753,FALSE POSITIVE
4902030,FALSE POSITIVE
4908495,FALSE POSITIVE
4912589,FALSE POSITIVE
4912991,FALSE POSITIVE
4914709,CANDIDATE
4914737,CANDIDATE
4917014,FALSE POSITIVE
4917357,FALSE POSITIVE
4918303,CANDIDATE
4919550,CANDIDATE
4931073,FALSE POSITIVE
4932691,FALSE POSITIVE
4933476,FALSE POSITIVE
4939265,CANDIDATE
4940201,FALSE POSITIVE
4946680,FALSE POSITIVE
4947726,FALSE POSITIVE
4948863,FALSE POSITIVE
4949027,FALSE POSITIVE
4949214,FALSE POSITIVE
4950341,FALSE POSITIVE
4950557,FALSE POSITIVE
4953173,FALSE POSITIVE
4990977,FALSE POSITIVE
4995716,CANDIDATE
5000179,CONFIRMED
5003670,CANDIDATE
5005618,FALSE POSITIVE
5009688,CANDIDATE
5016163,FALSE POSITIVE
5017058,FALSE POSITIVE
5018787,FALSE POSITIVE
5019567,FALSE POSITIVE
5021432,CONFIRMED
5021732,FALSE POSITIVE
5022440,FALSE POSITIVE
5022900,FALSE POSITIVE
5024126,FALSE POSITIVE
5024268,FALSE POSITIVE
5024372,FALSE POSITIVE
5024414,FALSE POSITIVE
5024429,FALSE POSITIVE
5025217,FALSE POSITIVE
5025234,FALSE POSITIVE
5025294,FALSE POSITIVE
5026023,FALSE POSITIVE
5026187,FALSE POSITIVE
5031804,FALSE POSITIVE
5031882,FALSE POSITIVE
5034333,FALSE POSITIVE
5036516,FALSE POSITIVE
5036530,FALSE POSITIVE
5036530,FALSE POSITIVE
5036538,FALSE POSITIVE
5038469,FALSE POSITIVE
5039441,FALSE POSITIVE
5039687,FALSE POSITIVE
5042785,FALSE POSITIVE
5078025,FALSE POSITIVE
5078879,FALSE POSITIVE
5080346,FALSE POSITIVE
5080652,FALSE POSITIVE
5083138,CANDIDATE
5083252,FALSE POSITIVE
5084171,CANDIDATE
5087223,CANDIDATE
5091016,FALSE POSITIVE
5091075,FALSE POSITIVE
5091614,FALSE POSITIVE
5092799,FALSE POSITIVE
5092799,FALSE POSITIVE
5094301,FALSE POSITIVE
5095269,FALSE POSITIVE
5097278,FALSE POSITIVE
5097470,FALSE POSITIVE
5098334,FALSE POSITIVE
5098757,FALSE POSITIVE
5110453,FALSE POSITIVE
5111801,FALSE POSITIVE
5112198,FALSE POSITIVE
5113809,FALSE POSITIVE
5115178,FALSE POSITIVE
5115379,FALSE POSITIVE
5115688,FALSE POSITIVE
5119143,FALSE POSITIVE
5121173,FALSE POSITIVE
5125048,FALSE POSITIVE
5125347,CANDIDATE
5126627,FALSE POSITIVE
5128966,FALSE POSITIVE
5130890,FALSE POSITIVE
5164794,FALSE POSITIVE
5171707,CANDIDATE
5172274,FALSE POSITIVE
5174492,FALSE POSITIVE
5174920,FALSE POSITIVE
5177065,FALSE POSITIVE
5181455,FALSE POSITIVE
5184911,CANDIDATE
5193386,FALSE POSITIVE
5193439,CANDIDATE
5196851,FALSE POSITIVE
5199978,CANDIDATE
5201593,FALSE POSITIVE
5211470,FALSE POSITIVE
5211470,FALSE POSITIVE
5215508,FALSE POSITIVE
5216727,FALSE POSITIVE
5217733,FALSE POSITIVE
5218014,FALSE POSITIVE
5255552,FALSE POSITIVE
5263167,CANDIDATE
5266937,FALSE POSITIVE
5268955,FALSE POSITIVE
5269407,FALSE POSITIVE
5271090,CANDIDATE
5271803,FALSE POSITIVE
5272571,FALSE POSITIVE
5282656,FALSE POSITIVE
5284133,FALSE POSITIVE
5285607,FALSE POSITIVE
5286786,FALSE POSITIVE
5288543,FALSE POSITIVE
5288744,FALSE POSITIVE
5289857,CANDIDATE
5294739,FALSE POSITIVE
5295206,CANDIDATE
5298620,FALSE POSITIVE
5300878,FALSE POSITIVE
5301093,FALSE POSITIVE
5301955,CANDIDATE
5305225,FALSE POSITIVE
5305399,FALSE POSITIVE
5306862,FALSE POSITIVE
5306984,CANDIDATE
5307574,FALSE POSITIVE
5307990,FALSE POSITIVE
5308778,FALSE POSITIVE
5310435,FALSE POSITIVE
5343976,FALSE POSITIVE
5347537,FALSE POSITIVE
5347784,FALSE POSITIVE
5353938,CANDIDATE
5359678,FALSE POSITIVE
5364071,CONFIRMED
5380812,FALSE POSITIVE
5385410,CANDIDATE
5385469,FALSE POSITIVE
5385548,FALSE POSITIVE
5385647,FALSE POSITIVE
5385667,FALSE POSITIVE
5385778,FALSE POSITIVE
5388229,FALSE POSITIVE
5389184,FALSE POSITIVE
5389632,FALSE POSITIVE
5391407,FALSE POSITIVE
5393558,FALSE POSITIVE
5397905,FALSE POSITIVE
5428657,CONFIRMED
5440651,FALSE POSITIVE
5444276,FALSE POSITIVE
5444392,FALSE POSITIVE
5456979,CANDIDATE
5460835,FALSE POSITIVE
5462901,FALSE POSITIVE
5466109,CANDIDATE
5468555,CANDIDATE
5470960,FALSE POSITIVE
5471010,FALSE POSITIVE
5471068,FALSE POSITIVE
5471141,FALSE POSITIVE
5471192,FALSE POSITIVE
5471217,FALSE POSITIVE
5471328,FALSE POSITIVE
5471415,FALSE POSITIVE
5471480,FALSE POSITIVE
5471617,FALSE POSITIVE
5471617,CANDIDATE
5471690,FALSE POSITIVE
5471769,FALSE POSITIVE
5471770,FALSE POSITIVE
5473556,FALSE POSITIVE
5475712,FALSE POSITIVE
5476671,FALSE POSITIVE
5479973,FALSE POSITIVE
5482603,CANDIDATE
5511081,CONFIRMED
5513822,FALSE POSITIVE
5513833,FALSE POSITIVE
5529501,FALSE POSITIVE
5529560,FALSE POSITIVE
5530881,FALSE POSITIVE
5531953,CANDIDATE
5534476,FALSE POSITIVE
5534702,FALSE POSITIVE
5535280,FALSE POSITIVE
5544450,CONFIRMED
5552808,CANDIDATE
5553624,FALSE POSITIVE
5556804,FALSE POSITIVE
5564082,FALSE POSITIVE
5597361,CANDIDATE
5597970,FALSE POSITIVE
5598216,FALSE POSITIVE
5598639,FALSE POSITIVE
5598645,FALSE POSITIVE
5602588,CANDIDATE
5603270,FALSE POSITIVE
5610698,FALSE POSITIVE
5616489,FALSE POSITIVE
5617510,FALSE POSITIVE
5621294,FALSE POSITIVE
5621299,FALSE POSITIVE
5622250,FALSE POSITIVE
5629353,CONFIRMED
5629353,CONFIRMED
5629353,CONFIRMED
5632781,FALSE POSITIVE
5633259,FALSE POSITIVE
5637036,FALSE POSITIVE
5638699,FALSE POSITIVE
5641294,FALSE POSITIVE
5643492,FALSE POSITIVE
5647008,FALSE POSITIVE
5647638,FALSE POSITIVE
5652983,CANDIDATE
5653126,FALSE POSITIVE
5683219,CANDIDATE
5686974,CANDIDATE
5695396,CANDIDATE
5695904,FALSE POSITIVE
5696518,FALSE POSITIVE
5696909,FALSE POSITIVE
5697628,CANDIDATE
5700330,FALSE POSITIVE
5702770,CANDIDATE
5706592,FALSE POSITIVE
5706595,CANDIDATE
5709103,FALSE POSITIVE
5709226,FALSE POSITIVE
5716244,FALSE POSITIVE
5725851,FALSE POSITIVE
5731312,FALSE POSITIVE
5735878,FALSE POSITIVE
5736461,FALSE POSITIVE
5737869,CANDIDATE
5738698,FALSE POSITIVE
5768927,FALSE POSITIVE
5769810,FALSE POSITIVE
5771589,CONFIRMED
5774375,FALSE POSITIVE
5775090,FALSE POSITIVE
5775129,CONFIRMED
5781192,FALSE POSITIVE
5791705,FALSE POSITIVE
5792202,FALSE POSITIVE
5792202,FALSE POSITIVE
5795648,FALSE POSITIVE
5796186,FALSE POSITIVE
5802205,FALSE POSITIVE
5802285,FALSE POSITIVE
5802470,FALSE POSITIVE
5806800,CANDIDATE
5807579,FALSE POSITIVE
5809372,CANDIDATE
5809890,CONFIRMED
5812648,FALSE POSITIVE
5814635,CONFIRMED
5816144,CANDIDATE
5816144,CANDIDATE
5817566,FALSE POSITIVE
5817613,FALSE POSITIVE
5856571,CANDIDATE
5858919,FALSE POSITIVE
5860347,CANDIDATE
5869272,FALSE POSITIVE
5871116,CANDIDATE
5871918,FALSE POSITIVE
5872139,FALSE POSITIVE
5878506,CANDIDATE
5879448,FALSE POSITIVE
5887316,FALSE POSITIVE
5894182,FALSE POSITIVE
5894825,FALSE POSITIVE
5894972,FALSE POSITIVE
5897826,FALSE POSITIVE
5908086,FALSE POSITIVE
5951140,FALSE POSITIVE
5951416,FALSE POSITIVE
5952309,FALSE POSITIVE
5952403,FALSE POSITIVE
5952457,FALSE POSITIVE
5955197,FALSE POSITIVE
5955321,FALSE POSITIVE
5955427,FALSE POSITIVE
5956171,FALSE POSITIVE
5956977,FALSE POSITIVE
5961350,FALSE POSITIVE
5962509,FALSE POSITIVE
5962514,FALSE POSITIVE
5962716,FALSE POSITIVE
5966732,FALSE POSITIVE
5977541,FALSE POSITIVE
5977804,CANDIDATE
5978559,CANDIDATE
5979863,FALSE POSITIVE
5980061,FALSE POSITIVE
5981058,FALSE POSITIVE
5983348,FALSE POSITIVE
5990753,FALSE POSITIVE
6019971,CANDIDATE
6021655,FALSE POSITIVE
6029130,FALSE POSITIVE
6032318,FALSE POSITIVE
6032730,FALSE POSITIVE
6035335,FALSE POSITIVE
6041511,FALSE POSITIVE
6042031,FALSE POSITIVE
6042116,FALSE POSITIVE
6042663,FALSE POSITIVE
6043574,FALSE POSITIVE
6044064,FALSE POSITIVE
6045093,FALSE POSITIVE
6046311,FALSE POSITIVE
6048106,FALSE POSITIVE
6048255,FALSE POSITIVE
6049470,FALSE POSITIVE
6057750,FALSE POSITIVE
6060580,FALSE POSITIVE
6063448,FALSE POSITIVE
6066107,FALSE POSITIVE
6068947,FALSE POSITIVE
6103049,FALSE POSITIVE
6105359,CANDIDATE
6106046,CANDIDATE
6109688,FALSE POSITIVE
6111011,CANDIDATE
6113752,FALSE POSITIVE
6114140,FALSE POSITIVE
6116172,CANDIDATE
6116172,FALSE POSITIVE
6116172,CANDIDATE
6117415,FALSE POSITIVE
6119605,CONFIRMED
6128027,FALSE POSITIVE
6128141,FALSE POSITIVE
6128245,FALSE POSITIVE
6131659,FALSE POSITIVE
6146418,FALSE POSITIVE
6146838,FALSE POSITIVE
6147573,FALSE POSITIVE
6147851,CANDIDATE
6150977,FALSE POSITIVE
6152521,FALSE POSITIVE
6153201,FALSE POSITIVE
6182019,FALSE POSITIVE
6182093,CONFIRMED
6182093,FALSE POSITIVE
6182508,CANDIDATE
6185717,FALSE POSITIVE
6187508,CANDIDATE
6191945,FALSE POSITIVE
6195669,FALSE POSITIVE
6196457,CONFIRMED
6197038,FALSE POSITIVE
6198182,FALSE POSITIVE
6198256,CANDIDATE
6199716,FALSE POSITIVE
6200709,FALSE POSITIVE
6205384,FALSE POSITIVE
6205460,FALSE POSITIVE
6205481,FALSE POSITIVE
6205566,FALSE POSITIVE
6206751,FALSE POSITIVE
6207053,FALSE POSITIVE
6209225,FALSE POSITIVE
6209347,FALSE POSITIVE
6209677,CONFIRMED
6220470,FALSE POSITIVE
6221385,CONFIRMED
6221385,CONFIRMED
6221385,CANDIDATE
6228703,FALSE POSITIVE
6230649,FALSE POSITIVE
6231401,FALSE POSITIVE
6233890,FALSE POSITIVE
6265961,CANDIDATE
6268722,FALSE POSITIVE
6279823,FALSE POSITIVE
6281127,FALSE POSITIVE
6283224,FALSE POSITIVE
6285094,CANDIDATE
6285396,FALSE POSITIVE
6285397,FALSE POSITIVE
6286633,FALSE POSITIVE
6289459,FALSE POSITIVE
6292732,FALSE POSITIVE
6301030,FALSE POSITIVE
6307000,FALSE POSITIVE
6307062,FALSE POSITIVE
6307083,CANDIDATE
6307243,FALSE POSITIVE
6307521,FALSE POSITIVE
6311637,FALSE POSITIVE
6345758,CANDIDATE
6350522,FALSE POSITIVE
6356506,FALSE POSITIVE
6362386,FALSE POSITIVE
6363560,FALSE POSITIVE
6364126,FALSE POSITIVE
6364195,FALSE POSITIVE
6364200,FALSE POSITIVE
6364215,FALSE POSITIVE
6364247,FALSE POSITIVE
6364294,FALSE POSITIVE
6367439,FALSE POSITIVE
6367628,FALSE POSITIVE
6368222,CANDIDATE
6372268,CONFIRMED
6384840,CANDIDATE
6385302,FALSE POSITIVE
6386784,FALSE POSITIVE
6390236,FALSE POSITIVE
6421188,FALSE POSITIVE
6421483,FALSE POSITIVE
6421937,FALSE POSITIVE
6423922,FALSE POSITIVE
6426592,FALSE POSITIVE
6428942,FALSE POSITIVE
6436029,FALSE POSITIVE
6436505,CANDIDATE
6437993,FALSE POSITIVE
6442246,FALSE POSITIVE
6442602,FALSE POSITIVE
6443274,FALSE POSITIVE
6443392,FALSE POSITIVE
6445531,FALSE POSITIVE
6447326,FALSE POSITIVE
6448768,FALSE POSITIVE
6449291,CANDIDATE
6449358,FALSE POSITIVE
6449552,FALSE POSITIVE
6451125,FALSE POSITIVE
6451368,CANDIDATE
6452742,FALSE POSITIVE
6462874,CONFIRMED
6464285,FALSE POSITIVE
6466939,FALSE POSITIVE
6468938,FALSE POSITIVE
6471229,FALSE POSITIVE
6471230,FALSE POSITIVE
6504534,FALSE POSITIVE
6507334,FALSE POSITIVE
6508221,CANDIDATE
6508734,FALSE POSITIVE
6516529,FALSE POSITIVE
6521174,CANDIDATE
6521526,CONFIRMED
6521542,FALSE POSITIVE
6522353,FALSE POSITIVE
6522750,FALSE POSITIVE
6523216,FALSE POSITIVE
6527050,FALSE POSITIVE
6531485,FALSE POSITIVE
6531617,FALSE POSITIVE
6531801,FALSE POSITIVE
6543682,FALSE POSITIVE
6545018,FALSE POSITIVE
6548447,FALSE POSITIVE
6551106,CANDIDATE
6583107,CANDIDATE
6584167,FALSE POSITIVE
6584278,FALSE POSITIVE
6590362,FALSE POSITIVE
6590726,FALSE POSITIVE
6591789,FALSE POSITIVE
6592335,FALSE POSITIVE
6593363,FALSE POSITIVE
6593968,CANDIDATE
6594972,FALSE POSITIVE
6595662,FALSE POSITIVE
6599305,FALSE POSITIVE
6600492,FALSE POSITIVE
6603765,CANDIDATE
6604328,CONFIRMED
6606282,FALSE POSITIVE
6606438,CANDIDATE
6606669,FALSE POSITIVE
6606934,FALSE POSITIVE
6607610,FALSE POSITIVE
6609270,CANDIDATE
6610219,FALSE POSITIVE
6610433,FALSE POSITIVE
6614748,FALSE POSITIVE
6614926,FALSE POSITIVE
6628237,FALSE POSITIVE
6628740,FALSE POSITIVE
6628926,FALSE POSITIVE
6629156,FALSE POSITIVE
6629588,FALSE POSITIVE
6636020,CANDIDATE
6664842,CANDIDATE
6665064,CANDIDATE
6665064,FALSE POSITIVE
6670610,CANDIDATE
6670742,FALSE POSITIVE
6672229,FALSE POSITIVE
6674908,FALSE POSITIVE
6675060,FALSE POSITIVE
6676725,FALSE POSITIVE
6681473,FALSE POSITIVE
6681618,FALSE POSITIVE
6685403,FALSE POSITIVE
6694186,FALSE POSITIVE
6695622,CANDIDATE
6695889,FALSE POSITIVE
6696580,CANDIDATE
6697716,FALSE POSITIVE
6697976,FALSE POSITIVE
6698670,FALSE POSITIVE
6706287,FALSE POSITIVE
6715997,CANDIDATE
6716545,CONFIRMED
6762188,FALSE POSITIVE
6763884,CANDIDATE
6766748,FALSE POSITIVE
6767227,CANDIDATE
6768394,FALSE POSITIVE
6768616,CANDIDATE
6768616,CANDIDATE
6774408,FALSE POSITIVE
6778289,FALSE POSITIVE
6781047,FALSE POSITIVE
6781535,FALSE POSITIVE
6792124,FALSE POSITIVE
6804648,FALSE POSITIVE
6806632,FALSE POSITIVE
6837283,CONFIRMED
6841577,FALSE POSITIVE
6842345,FALSE POSITIVE
6846544,FALSE POSITIVE
6848529,FALSE POSITIVE
6850665,FALSE POSITIVE
6852488,FALSE POSITIVE
6853172,CANDIDATE
6859546,CANDIDATE
6859813,FALSE POSITIVE
6863187,FALSE POSITIVE
6863840,FALSE POSITIVE
6864569,FALSE POSITIVE
6864706,CANDIDATE
6864859,FALSE POSITIVE
6867219,CANDIDATE
6867555,CANDIDATE
6869373,CANDIDATE
6876575,FALSE POSITIVE
6877673,FALSE POSITIVE
6877871,FALSE POSITIVE
6878408,FALSE POSITIVE
6887030,CANDIDATE
6887321,FALSE POSITIVE
6890618,FALSE POSITIVE
6925263,CANDIDATE
6927629,FALSE POSITIVE
6929016,FALSE POSITIVE
6934587,FALSE POSITIVE
6936977,FALSE POSITIVE
6939670,FALSE POSITIVE
6946681,CANDIDATE
6946708,FALSE POSITIVE
6946985,FALSE POSITIVE
6947623,CANDIDATE
6947837,FALSE POSITIVE
6948815,FALSE POSITIVE
6949550,FALSE POSITIVE
6950275,CANDIDATE
6953219,CONFIRMED
6953281,FALSE POSITIVE
6956176,CANDIDATE
6962018,FALSE POSITIVE
6964929,CANDIDATE
6965293,FALSE POSITIVE
6967278,FALSE POSITIVE
6967430,FALSE POSITIVE
6974867,FALSE POSITIVE
7008149,FALSE POSITIVE
7009828,FALSE POSITIVE
7020168,FALSE POSITIVE
7021681,CANDIDATE
7025851,FALSE POSITIVE
7031126,FALSE POSITIVE
7031132,FALSE POSITIVE
7031208,FALSE POSITIVE
7031726,FALSE POSITIVE
7031732,FALSE POSITIVE
7031742,FALSE POSITIVE
7031767,FALSE POSITIVE
7031948,FALSE POSITIVE
7031992,FALSE POSITIVE
7032117,FALSE POSITIVE
7032174,FALSE POSITIVE
7032383,FALSE POSITIVE
7032568,FALSE POSITIVE
7032687,FALSE POSITIVE
7032968,FALSE POSITIVE
7033713,FALSE POSITIVE
7033748,FALSE POSITIVE
7037540,FALSE POSITIVE
7047363,CANDIDATE
7049486,FALSE POSITIVE
7049771,FALSE POSITIVE
7050754,FALSE POSITIVE
7053328,FALSE POSITIVE
7090801,FALSE POSITIVE
7097571,FALSE POSITIVE
7100673,CONFIRMED
7103300,CANDIDATE
7105574,FALSE POSITIVE
7106437,FALSE POSITIVE
7106438,CANDIDATE
7108433,FALSE POSITIVE
7115200,FALSE POSITIVE
7115332,FALSE POSITIVE
7115384,FALSE POSITIVE
7115463,FALSE POSITIVE
7115550,FALSE POSITIVE
7115597,FALSE POSITIVE
7115785,FALSE POSITIVE
7115878,FALSE POSITIVE
7116024,CANDIDATE
7116043,FALSE POSITIVE
7116117,FALSE POSITIVE
7116226,FALSE POSITIVE
7116236,FALSE POSITIVE
7116282,FALSE POSITIVE
7116519,FALSE POSITIVE
7116859,FALSE POSITIVE
7117050,FALSE POSITIVE
7117513,FALSE POSITIVE
7117541,FALSE POSITIVE
7118545,FALSE POSITIVE
7119080,CONFIRMED
7119481,CANDIDATE
7125636,FALSE POSITIVE
7128918,FALSE POSITIVE
7129465,FALSE POSITIVE
7132015,FALSE POSITIVE
7133286,FALSE POSITIVE
7134626,FALSE POSITIVE
7135549,CONFIRMED
7137213,CANDIDATE
7137798,FALSE POSITIVE
7174617,FALSE POSITIVE
7177553,FALSE POSITIVE
7177766,FALSE POSITIVE
7177892,FALSE POSITIVE
7185487,FALSE POSITIVE
7185710,CANDIDATE
7186259,CONFIRMED
7190639,FALSE POSITIVE
7198648,FALSE POSITIVE
7198881,CANDIDATE
7198881,CANDIDATE
7199724,FALSE POSITIVE
7199756,FALSE POSITIVE
7199935,FALSE POSITIVE
7200102,FALSE POSITIVE
7200225,FALSE POSITIVE
7200301,FALSE POSITIVE
7202957,CONFIRMED
7203179,FALSE POSITIVE
7203194,FALSE POSITIVE
7204073,FALSE POSITIVE
7212722,FALSE POSITIVE
7214090,CANDIDATE
7217088,CANDIDATE
7219825,FALSE POSITIVE
7219906,FALSE POSITIVE
7257373,FALSE POSITIVE
7280953,FALSE POSITIVE
7281217,FALSE POSITIVE
7281229,FALSE POSITIVE
7281356,FALSE POSITIVE
7281399,FALSE POSITIVE
7281410,FALSE POSITIVE
7281484,FALSE POSITIVE
7281616,FALSE POSITIVE
7281694,FALSE POSITIVE
7281699,FALSE POSITIVE
7282008,FALSE POSITIVE
7282168,FALSE POSITIVE
7282872,CANDIDATE
7285616,FALSE POSITIVE
7289317,CANDIDATE
7289338,CANDIDATE
7295570,FALSE POSITIVE
7300182,CANDIDATE
7335514,FALSE POSITIVE
7336754,FALSE POSITIVE
7340624,FALSE POSITIVE
7345335,CANDIDATE
7347246,CONFIRMED
7350067,CANDIDATE
7362450,FALSE POSITIVE
7362534,FALSE POSITIVE
7362632,FALSE POSITIVE
7362852,FALSE POSITIVE
7365447,FALSE POSITIVE
7366036,FALSE POSITIVE
7366065,FALSE POSITIVE
7366501,CANDIDATE
7367164,CANDIDATE
7368103,FALSE POSITIVE
7369523,FALSE POSITIVE
7373877,FALSE POSITIVE
7375348,CONFIRMED
7376982,FALSE POSITIVE
7381580,FALSE POSITIVE
7381695,FALSE POSITIVE
7385387,FALSE POSITIVE
7385478,FALSE POSITIVE
7386391,CANDIDATE
7416306,CANDIDATE
7421876,FALSE POSITIVE
7422883,FALSE POSITIVE
7429287,CANDIDATE
7429287,FALSE POSITIVE
7429287,FALSE POSITIVE
7431665,CANDIDATE
7436177,FALSE POSITIVE
7447895,CANDIDATE
7448023,FALSE POSITIVE
7451315,FALSE POSITIVE
7455553,FALSE POSITIVE
7456521,FALSE POSITIVE
7461314,FALSE POSITIVE
7461521,FALSE POSITIVE
7463685,CONFIRMED
7464205,FALSE POSITIVE
7499571,FALSE POSITIVE
7503885,CONFIRMED
7537660,FALSE POSITIVE
7537945,FALSE POSITIVE
7539174,FALSE POSITIVE
7541502,FALSE POSITIVE
7541746,FALSE POSITIVE
7584778,FALSE POSITIVE
7588436,CANDIDATE
7592529,CANDIDATE
7592922,CANDIDATE
7597703,FALSE POSITIVE
7602351,CANDIDATE
7605600,FALSE POSITIVE
7620413,CANDIDATE
7622059,FALSE POSITIVE
7622072,FALSE POSITIVE
7622473,FALSE POSITIVE
7624297,FALSE POSITIVE
7630658,FALSE POSITIVE
7631194,FALSE POSITIVE
7662209,CANDIDATE
7662744,CANDIDATE
7663405,CANDIDATE
7663804,FALSE POSITIVE
7668648,FALSE POSITIVE
7670485,FALSE POSITIVE
7670617,FALSE POSITIVE
7671594,FALSE POSITIVE
7674050,FALSE POSITIVE
7677005,FALSE POSITIVE
7681230,FALSE POSITIVE
7686191,FALSE POSITIVE
7687365,CANDIDATE
7690521,FALSE POSITIVE
7691527,FALSE POSITIVE
7695093,FALSE POSITIVE
7695445,FALSE POSITIVE
7697568,CANDIDATE
7700500,CANDIDATE
7700578,FALSE POSITIVE
7707736,FALSE POSITIVE
7732285,CONFIRMED
7732791,FALSE POSITIVE
7733540,FALSE POSITIVE
7741048,FALSE POSITIVE
7747835,FALSE POSITIVE
7749318,FALSE POSITIVE
7750342,FALSE POSITIVE
7750740,FALSE POSITIVE
7751294,FALSE POSITIVE
7751562,FALSE POSITIVE
7755741,FALSE POSITIVE
7755741,FALSE POSITIVE
7757698,FALSE POSITIVE
7762886,FALSE POSITIVE
7765528,CANDIDATE
7767162,FALSE POSITIVE
7769072,FALSE POSITIVE
7769815,CANDIDATE
7777365,FALSE POSITIVE
7777397,FALSE POSITIVE
7777818,FALSE POSITIVE
7778767,CANDIDATE
7779942,CONFIRMED
7798259,FALSE POSITIVE
7811211,FALSE POSITIVE
7811537,FALSE POSITIVE
7811537,FALSE POSITIVE
7812893,CANDIDATE
7816680,FALSE POSITIVE
7816935,CANDIDATE
7821010,FALSE POSITIVE
7825899,CANDIDATE
7830321,FALSE POSITIVE
7831264,CONFIRMED
7832787,FALSE POSITIVE
7835312,CANDIDATE
7835312,CANDIDATE
7838639,FALSE POSITIVE
7838906,FALSE POSITIVE
7838906,FALSE POSITIVE
7841925,FALSE POSITIVE
7841986,FALSE POSITIVE
7846730,FALSE POSITIVE
7847927,FALSE POSITIVE
7868092,FALSE POSITIVE
7868967,CANDIDATE
7870250,FALSE POSITIVE
7871395,FALSE POSITIVE
7874976,FALSE POSITIVE
7877820,FALSE POSITIVE
7879648,FALSE POSITIVE
7885494,FALSE POSITIVE
7885518,FALSE POSITIVE
7885570,FALSE POSITIVE
7886329,FALSE POSITIVE
7888957,FALSE POSITIVE
7889486,CANDIDATE
7897936,FALSE POSITIVE
7900114,FALSE POSITIVE
7902204,CANDIDATE
7902719,FALSE POSITIVE
7908367,CANDIDATE
7908367,CANDIDATE
7914906,FALSE POSITIVE
7919653,FALSE POSITIVE
7919867,FALSE POSITIVE
7935997,CANDIDATE
7936194,FALSE POSITIVE
7938468,FALSE POSITIVE
7939761,CANDIDATE
7940533,FALSE POSITIVE
7943535,FALSE POSITIVE
7947631,FALSE POSITIVE
7950775,FALSE POSITIVE
7954278,FALSE POSITIVE
7955301,FALSE POSITIVE
7959310,FALSE POSITIVE
7960295,FALSE POSITIVE
7960547,FALSE POSITIVE
7967100,FALSE POSITIVE
7967517,FALSE POSITIVE
7970629,FALSE POSITIVE
7970760,FALSE POSITIVE
7971389,FALSE POSITIVE
7974634,FALSE POSITIVE
7974634,FALSE POSITIVE
7974634,FALSE POSITIVE
7976136,FALSE POSITIVE
7976435,FALSE POSITIVE
7983117,CANDIDATE
7985167,FALSE POSITIVE
7987749,FALSE POSITIVE
8007262,FALSE POSITIVE
8007675,FALSE POSITIVE
8008128,FALSE POSITIVE
8008913,CANDIDATE
8009500,FALSE POSITIVE
8012732,CANDIDATE
8013289,FALSE POSITIVE
8016211,FALSE POSITIVE
8016214,FALSE POSITIVE
8016692,CANDIDATE
8019043,FALSE POSITIVE
8022520,FALSE POSITIVE
8023317,FALSE POSITIVE
8027902,FALSE POSITIVE
8028465,FALSE POSITIVE
8039925,FALSE POSITIVE
8042644,FALSE POSITIVE
8042747,FALSE POSITIVE
8042835,FALSE POSITIVE
8043638,CANDIDATE
8043882,FALSE POSITIVE
8044608,FALSE POSITIVE
8058507,CANDIDATE
8081389,FALSE POSITIVE
8088354,FALSE POSITIVE
8091197,CANDIDATE
8094120,FALSE POSITIVE
8094140,FALSE POSITIVE
8094221,FALSE POSITIVE
8095099,FALSE POSITIVE
8096395,FALSE POSITIVE
8097825,FALSE POSITIVE
8098300,FALSE POSITIVE
8098515,FALSE POSITIVE
8098960,CANDIDATE
8104436,FALSE POSITIVE
8105398,CANDIDATE
8105719,CANDIDATE
8106973,FALSE POSITIVE
8107150,CANDIDATE
8108450,FALSE POSITIVE
8109692,CANDIDATE
8111622,FALSE POSITIVE
8112013,FALSE POSITIVE
8112324,FALSE POSITIVE
8115647,CANDIDATE
8120608,CONFIRMED
8120820,CANDIDATE
8121067,FALSE POSITIVE
8123170,FALSE POSITIVE
8123937,FALSE POSITIVE
8126531,FALSE POSITIVE
8128965,FALSE POSITIVE
8129189,FALSE POSITIVE
8129641,FALSE POSITIVE
8143170,FALSE POSITIVE
8145789,FALSE POSITIVE
8145958,CANDIDATE
8153568,FALSE POSITIVE
8155584,FALSE POSITIVE
8155654,CANDIDATE
8158324,FALSE POSITIVE
8162376,FALSE POSITIVE
8163784,FALSE POSITIVE
8165617,FALSE POSITIVE
8167504,CANDIDATE
8167938,FALSE POSITIVE
8167978,FALSE POSITIVE
8168187,CANDIDATE
8168509,FALSE POSITIVE
8168581,FALSE POSITIVE
8178616,FALSE POSITIVE
8179286,CANDIDATE
8179747,FALSE POSITIVE
8180290,CANDIDATE
8181016,FALSE POSITIVE
8182107,CANDIDATE
8183389,FALSE POSITIVE
8192861,FALSE POSITIVE
8193315,FALSE POSITIVE
8195877,FALSE POSITIVE
8196180,FALSE POSITIVE
8197761,FALSE POSITIVE
8197767,FALSE POSITIVE
8210370,FALSE POSITIVE
8210721,FALSE POSITIVE
8211521,FALSE POSITIVE
8211605,FALSE POSITIVE
8216763,FALSE POSITIVE
8218379,CANDIDATE
8222395,CANDIDATE
8223568,FALSE POSITIVE
8223568,CANDIDATE
8226050,CANDIDATE
8226720,FALSE POSITIVE
8227086,CANDIDATE
8227464,CANDIDATE
8229048,FALSE POSITIVE
8230809,FALSE POSITIVE
8231299,FALSE POSITIVE
8231877,FALSE POSITIVE
8234477,FALSE POSITIVE
8234889,CANDIDATE
8240109,FALSE POSITIVE
8240861,FALSE POSITIVE
8242769,CANDIDATE
8243263,FALSE POSITIVE
8244295,FALSE POSITIVE
8245108,FALSE POSITIVE
8248103,CANDIDATE
8248939,FALSE POSITIVE
8256882,CANDIDATE
8258103,FALSE POSITIVE
8258160,FALSE POSITIVE
8260269,CANDIDATE
8262223,FALSE POSITIVE
8263187,FALSE POSITIVE
8263746,FALSE POSITIVE
8265156,FALSE POSITIVE
8265520,CANDIDATE
8265990,FALSE POSITIVE
8278685,CANDIDATE
8283875,CANDIDATE
8285254,FALSE POSITIVE
8285970,FALSE POSITIVE
8288719,FALSE POSITIVE
8293631,FALSE POSITIVE
8294484,FALSE POSITIVE
8295671,FALSE POSITIVE
8296467,FALSE POSITIVE
8297017,FALSE POSITIVE
8297319,FALSE POSITIVE
8301013,FALSE POSITIVE
8302455,FALSE POSITIVE
8302473,FALSE POSITIVE
8307354,FALSE POSITIVE
8307489,FALSE POSITIVE
8308347,FALSE POSITIVE
8308516,FALSE POSITIVE
8308682,FALSE POSITIVE
8311864,FALSE POSITIVE
8312222,FALSE POSITIVE
8314801,FALSE POSITIVE
8316503,FALSE POSITIVE
8329346,FALSE POSITIVE
8330575,FALSE POSITIVE
8332521,CONFIRMED
8345358,FALSE POSITIVE
8345473,FALSE POSITIVE
8352009,FALSE POSITIVE
8355178,CANDIDATE
8358008,FALSE POSITIVE
8362974,FALSE POSITIVE
8364115,FALSE POSITIVE
8364119,FALSE POSITIVE
8364232,FALSE POSITIVE
8367298,FALSE POSITIVE
8374394,FALSE POSITIVE
8374499,FALSE POSITIVE
8377197,FALSE POSITIVE
8378656,FALSE POSITIVE
8378922,FALSE POSITIVE
8379547,FALSE POSITIVE
8380709,CONFIRMED
8381592,FALSE POSITIVE
8382339,FALSE POSITIVE
8391983,CANDIDATE
8394475,CANDIDATE
8396405,CONFIRMED
8398290,FALSE POSITIVE
8411947,FALSE POSITIVE
8413968,CANDIDATE
8414159,FALSE POSITIVE
8414216,CANDIDATE
8414914,FALSE POSITIVE
8415863,FALSE POSITIVE
8417078,CANDIDATE
8423344,FALSE POSITIVE
8423903,FALSE POSITIVE
8429014,FALSE POSITIVE
8429415,FALSE POSITIVE
8429450,FALSE POSITIVE
8439949,FALSE POSITIVE
8440062,FALSE POSITIVE
8442795,FALSE POSITIVE
8443812,CANDIDATE
8444868,FALSE POSITIVE
8445775,FALSE POSITIVE
8453191,FALSE POSITIVE
8453324,FALSE POSITIVE
8458207,FALSE POSITIVE
8460634,FALSE POSITIVE
8474892,FALSE POSITIVE
8479107,FALSE POSITIVE
8479386,FALSE POSITIVE
8487838,FALSE POSITIVE
8488381,CANDIDATE
8488876,FALSE POSITIVE
8489260,CANDIDATE
8499922,FALSE POSITIVE
8504570,FALSE POSITIVE
8505215,CANDIDATE
8508493,CANDIDATE
8509346,FALSE POSITIVE
8516349,FALSE POSITIVE
8517433,FALSE POSITIVE
8524110,FALSE POSITIVE
8526387,FALSE POSITIVE
8527297,CANDIDATE
8540376,CANDIDATE
8543278,FALSE POSITIVE
8545603,FALSE POSITIVE
8547213,FALSE POSITIVE
8552500,FALSE POSITIVE
8552540,FALSE POSITIVE
8553788,FALSE POSITIVE
8553907,FALSE POSITIVE
8555967,FALSE POSITIVE
8557246,FALSE POSITIVE
8559796,FALSE POSITIVE
8559863,FALSE POSITIVE
8560280,CANDIDATE
8560804,CONFIRMED
8560861,FALSE POSITIVE
8560927,CANDIDATE
8561063,CONFIRMED
8565900,FALSE POSITIVE
8565912,FALSE POSITIVE
8566113,FALSE POSITIVE
8569819,FALSE POSITIVE
8572936,FALSE POSITIVE
8574270,FALSE POSITIVE
8579684,FALSE POSITIVE
8580438,FALSE POSITIVE
8581232,FALSE POSITIVE
8581240,CONFIRMED
8581658,FALSE POSITIVE
8587439,CANDIDATE
8588982,FALSE POSITIVE
8590527,FALSE POSITIVE
8590776,CANDIDATE
8604993,FALSE POSITIVE
8608490,FALSE POSITIVE
8608544,FALSE POSITIVE
8608544,FALSE POSITIVE
8610483,FALSE POSITIVE
8613446,FALSE POSITIVE
8613535,CANDIDATE
8618147,FALSE POSITIVE
8618226,FALSE POSITIVE
8620565,FALSE POSITIVE
8621026,FALSE POSITIVE
8624860,CANDIDATE
8625408,FALSE POSITIVE
8625732,FALSE POSITIVE
8630840,FALSE POSITIVE
8637903,FALSE POSITIVE
8639155,FALSE POSITIVE
8649876,FALSE POSITIVE
8652997,FALSE POSITIVE
8653134,CONFIRMED
8655458,FALSE POSITIVE
8673511,FALSE POSITIVE
8676061,FALSE POSITIVE
8677057,FALSE POSITIVE
8682094,FALSE POSITIVE
8683144,FALSE POSITIVE
8686442,FALSE POSITIVE
8686761,FALSE POSITIVE
8690001,FALSE POSITIVE
8693536,CANDIDATE
8695779,FALSE POSITIVE
8700506,FALSE POSITIVE
8701327,FALSE POSITIVE
8702537,CANDIDATE
8703491,FALSE POSITIVE
8703506,FALSE POSITIVE
8708961,FALSE POSITIVE
8709688,CANDIDATE
8711548,FALSE POSITIVE
8712863,FALSE POSITIVE
8713828,FALSE POSITIVE
8719324,CANDIDATE
8719897,FALSE POSITIVE
8736245,FALSE POSITIVE
8738115,FALSE POSITIVE
8739209,FALSE POSITIVE
8740744,FALSE POSITIVE
8742735,FALSE POSITIVE
8743244,FALSE POSITIVE
8743244,FALSE POSITIVE
8746310,FALSE POSITIVE
8748435,FALSE POSITIVE
8749844,FALSE POSITIVE
8750094,FALSE POSITIVE
8750503,CANDIDATE
8757213,FALSE POSITIVE
8758161,FALSE POSITIVE
8760760,CANDIDATE
8761550,FALSE POSITIVE
8765560,FALSE POSITIVE
8766268,CANDIDATE
8767034,FALSE POSITIVE
8773015,CANDIDATE
8773948,FALSE POSITIVE
8780959,CANDIDATE
8780959,CANDIDATE
8784288,FALSE POSITIVE
8801316,CANDIDATE
8804358,FALSE POSITIVE
8804845,FALSE POSITIVE
8807057,FALSE POSITIVE
8808064,FALSE POSITIVE
8813404,FALSE POSITIVE
8814872,FALSE POSITIVE
8815031,FALSE POSITIVE
8815279,CONFIRMED
8821936,FALSE POSITIVE
8822585,FALSE POSITIVE
8823397,FALSE POSITIVE
8823833,FALSE POSITIVE
8832676,FALSE POSITIVE
8838950,CANDIDATE
8841616,FALSE POSITIVE
8845221,FALSE POSITIVE
8845552,CANDIDATE
8846809,FALSE POSITIVE
8848104,FALSE POSITIVE
8848115,FALSE POSITIVE
8868657,FALSE POSITIVE
8868686,FALSE POSITIVE
8873450,CONFIRMED
8873674,FALSE POSITIVE
8873873,FALSE POSITIVE
8878681,FALSE POSITIVE
8879427,FALSE POSITIVE
8879915,FALSE POSITIVE
8880003,FALSE POSITIVE
8880317,FALSE POSITIVE
8881169,CANDIDATE
8890996,FALSE POSITIVE
8891684,CANDIDATE
8895758,FALSE POSITIVE
8906676,FALSE POSITIVE
8937762,CANDIDATE
8938628,FALSE POSITIVE
8939650,FALSE POSITIVE
8940961,FALSE POSITIVE
8953059,FALSE POSITIVE
8953278,CANDIDATE
8953281,FALSE POSITIVE
8953296,FALSE POSITIVE
8953426,FALSE POSITIVE
8953475,CANDIDATE
8957572,FALSE POSITIVE
8957954,FALSE POSITIVE
8958811,CANDIDATE
8958939,CANDIDATE
8958939,CANDIDATE
8962007,FALSE POSITIVE
8971044,FALSE POSITIVE
8973000,FALSE POSITIVE
8973285,FALSE POSITIVE
8977176,FALSE POSITIVE
9001468,FALSE POSITIVE
9005854,FALSE POSITIVE
9007918,FALSE POSITIVE
9007953,FALSE POSITIVE
9008103,FALSE POSITIVE
9008103,CANDIDATE
9008103,CANDIDATE
9008737,CANDIDATE
9011955,FALSE POSITIVE
9020114,CANDIDATE
9021047,CANDIDATE
9024857,FALSE POSITIVE
9025662,FALSE POSITIVE
9025739,CANDIDATE
9026749,CANDIDATE
9029486,FALSE POSITIVE
9043947,FALSE POSITIVE
9048145,FALSE POSITIVE
9049010,FALSE POSITIVE
9049697,FALSE POSITIVE
9075882,FALSE POSITIVE
9079587,FALSE POSITIVE
9079915,FALSE POSITIVE
9083503,FALSE POSITIVE
9084569,FALSE POSITIVE
9084832,FALSE POSITIVE
9085039,FALSE POSITIVE
9087580,FALSE POSITIVE
9092504,CANDIDATE
9092897,CONFIRMED
9093566,FALSE POSITIVE
9093859,FALSE POSITIVE
9098590,FALSE POSITIVE
9098810,FALSE POSITIVE
9099607,CANDIDATE
9099773,CANDIDATE
9101208,FALSE POSITIVE
9101271,FALSE POSITIVE
9110346,FALSE POSITIVE
9114508,FALSE POSITIVE
9117416,CANDIDATE
9118340,FALSE POSITIVE
9119405,FALSE POSITIVE
9141746,CANDIDATE
9142714,FALSE POSITIVE
9145861,FALSE POSITIVE
9150870,FALSE POSITIVE
9153246,FALSE POSITIVE
9156585,FALSE POSITIVE
9156957,CANDIDATE
9159198,FALSE POSITIVE
9159288,CANDIDATE
9159301,FALSE POSITIVE
9163674,FALSE POSITIVE
9164788,FALSE POSITIVE
9166700,CANDIDATE
9172506,FALSE POSITIVE
9179531,FALSE POSITIVE
9181340,FALSE POSITIVE
9203154,CANDIDATE
9205993,FALSE POSITIVE
9207508,FALSE POSITIVE
9209808,FALSE POSITIVE
9210820,FALSE POSITIVE
9210828,FALSE POSITIVE
9214712,FALSE POSITIVE
9214712,CANDIDATE
9214715,FALSE POSITIVE
9214715,FALSE POSITIVE
9216810,CANDIDATE
9221398,FALSE POSITIVE
9221517,FALSE POSITIVE
9221627,FALSE POSITIVE
9227215,FALSE POSITIVE
9236858,FALSE POSITIVE
9239670,FALSE POSITIVE
9243795,FALSE POSITIVE
9246715,FALSE POSITIVE
9266285,FALSE POSITIVE
9268159,FALSE POSITIVE
9274431,FALSE POSITIVE
9278021,FALSE POSITIVE
9278575,FALSE POSITIVE
9284741,FALSE POSITIVE
9286728,FALSE POSITIVE
9291039,FALSE POSITIVE
9291039,FALSE POSITIVE
9291368,FALSE POSITIVE
9291368,FALSE POSITIVE
9291748,FALSE POSITIVE
9292130,FALSE POSITIVE
9301564,CANDIDATE
9304561,FALSE POSITIVE
9328852,FALSE POSITIVE
9328864,FALSE POSITIVE
9334490,CONFIRMED
9340411,FALSE POSITIVE
9340460,FALSE POSITIVE
9343862,FALSE POSITIVE
9344623,FALSE POSITIVE
9347066,CANDIDATE
9353182,FALSE POSITIVE
9357275,FALSE POSITIVE
9357375,FALSE POSITIVE
9357578,FALSE POSITIVE
9388557,FALSE POSITIVE
9390228,CANDIDATE
9391817,CANDIDATE
9392016,FALSE POSITIVE
9392702,FALSE POSITIVE
9394920,FALSE POSITIVE
9397900,CANDIDATE
9409493,FALSE POSITIVE
9411317,FALSE POSITIVE
9411943,FALSE POSITIVE
9412462,FALSE POSITIVE
9418619,FALSE POSITIVE
9418994,FALSE POSITIVE
9429631,CANDIDATE
9451096,FALSE POSITIVE
9456887,CANDIDATE
9458266,FALSE POSITIVE
9466042,FALSE POSITIVE
9468296,FALSE POSITIVE
9468848,CANDIDATE
9469494,FALSE POSITIVE
9471539,FALSE POSITIVE
9474222,FALSE POSITIVE
9474969,FALSE POSITIVE
9478990,FALSE POSITIVE
9480398,FALSE POSITIVE
9489348,CONFIRMED
9490342,FALSE POSITIVE
9509207,FALSE POSITIVE
9513168,CANDIDATE
9518558,FALSE POSITIVE
9518710,FALSE POSITIVE
9520700,FALSE POSITIVE
9521317,FALSE POSITIVE
9529148,FALSE POSITIVE
9529294,CANDIDATE
9529744,FALSE POSITIVE
9529856,FALSE POSITIVE
9531850,FALSE POSITIVE
9532123,FALSE POSITIVE
9532997,FALSE POSITIVE
9536048,FALSE POSITIVE
9536836,FALSE POSITIVE
9540450,FALSE POSITIVE
9540675,FALSE POSITIVE
9541094,FALSE POSITIVE
9541144,FALSE POSITIVE
9541163,FALSE POSITIVE
9541567,FALSE POSITIVE
9549471,FALSE POSITIVE
9569866,FALSE POSITIVE
9579192,FALSE POSITIVE
9579753,FALSE POSITIVE
9579789,CANDIDATE
9581498,CANDIDATE
9588862,CANDIDATE
9588880,CANDIDATE
9592621,CANDIDATE
9592831,FALSE POSITIVE
9592855,FALSE POSITIVE
9595956,CANDIDATE
9596064,CANDIDATE
9596187,FALSE POSITIVE
9596892,FALSE POSITIVE
9597095,FALSE POSITIVE
9597729,FALSE POSITIVE
9597854,FALSE POSITIVE
9602431,FALSE POSITIVE
9602538,CANDIDATE
9602658,FALSE POSITIVE
9604563,FALSE POSITIVE
9605514,FALSE POSITIVE
9630640,FALSE POSITIVE
9635520,FALSE POSITIVE
9635529,FALSE POSITIVE
9637299,FALSE POSITIVE
9639021,CANDIDATE
9639106,CANDIDATE
9640123,CANDIDATE
9640649,FALSE POSITIVE
9640921,FALSE POSITIVE
9640921,FALSE POSITIVE
9641031,FALSE POSITIVE
9641076,FALSE POSITIVE
9641103,FALSE POSITIVE
9643210,FALSE POSITIVE
9644411,FALSE POSITIVE
9644683,FALSE POSITIVE
9649205,FALSE POSITIVE
9649222,FALSE POSITIVE
9650579,FALSE POSITIVE
9650762,FALSE POSITIVE
9651155,FALSE POSITIVE
9651602,CANDIDATE
9652166,FALSE POSITIVE
9652632,FALSE POSITIVE
9655424,FALSE POSITIVE
9655711,CANDIDATE
9655792,FALSE POSITIVE
9656397,FALSE POSITIVE
9656547,FALSE POSITIVE
9657636,FALSE POSITIVE
9658089,FALSE POSITIVE
9658192,CANDIDATE
9661869,FALSE POSITIVE
9664215,FALSE POSITIVE
9665503,FALSE POSITIVE
9673173,FALSE POSITIVE
9674320,FALSE POSITIVE
9693803,CANDIDATE
9710611,FALSE POSITIVE
9710626,FALSE POSITIVE
9710792,FALSE POSITIVE
9711751,FALSE POSITIVE
9714358,FALSE POSITIVE
9715925,FALSE POSITIVE
9726452,CONFIRMED
9727765,CANDIDATE
9729691,CONFIRMED
9730163,CONFIRMED
9757613,CONFIRMED
9762514,CANDIDATE
9762519,FALSE POSITIVE
9767392,FALSE POSITIVE
9770983,CANDIDATE
9771576,FALSE POSITIVE
9774400,FALSE POSITIVE
9775253,FALSE POSITIVE
9777062,FALSE POSITIVE
9777089,CANDIDATE
9777990,FALSE POSITIVE
9780149,FALSE POSITIVE
9786821,FALSE POSITIVE
9790965,FALSE POSITIVE
9790965,FALSE POSITIVE
9811915,CANDIDATE
9813678,FALSE POSITIVE
9818732,FALSE POSITIVE
9821078,FALSE POSITIVE
9821428,FALSE POSITIVE
9826171,FALSE POSITIVE
9826551,CANDIDATE
9827094,FALSE POSITIVE
9827596,FALSE POSITIVE
9836563,CANDIDATE
9837013,CANDIDATE
9837578,FALSE POSITIVE
9837586,FALSE POSITIVE
9837720,FALSE POSITIVE
9838537,FALSE POSITIVE
9838761,FALSE POSITIVE
9838804,FALSE POSITIVE
9839062,CANDIDATE
9839081,FALSE POSITIVE
9839821,CANDIDATE
9842937,CONFIRMED
9847239,FALSE POSITIVE
9848420,FALSE POSITIVE
9850387,FALSE POSITIVE
9850912,FALSE POSITIVE
9851123,CONFIRMED
9851983,FALSE POSITIVE
9852050,FALSE POSITIVE
9873004,CANDIDATE
9873604,FALSE POSITIVE
9873869,FALSE POSITIVE
9874581,FALSE POSITIVE
9881258,FALSE POSITIVE
9883606,CANDIDATE
9899153,FALSE POSITIVE
9899193,FALSE POSITIVE
9899216,FALSE POSITIVE
9899256,FALSE POSITIVE
9899345,FALSE POSITIVE
9899410,FALSE POSITIVE
9899421,FALSE POSITIVE
9899449,FALSE POSITIVE
9899577,FALSE POSITIVE
9899583,FALSE POSITIVE
9899621,FALSE POSITIVE
9899623,FALSE POSITIVE
9906489,FALSE POSITIVE
9906688,CANDIDATE
9906802,CANDIDATE
9906841,FALSE POSITIVE
9909965,CANDIDATE
9912977,FALSE POSITIVE
9913481,FALSE POSITIVE
9913798,FALSE POSITIVE
9932197,CANDIDATE
9934208,FALSE POSITIVE
9936698,FALSE POSITIVE
9938836,CANDIDATE
9941425,FALSE POSITIVE
9941550,FALSE POSITIVE
9943009,CANDIDATE
9943435,FALSE POSITIVE
9944201,CONFIRMED
9944421,FALSE POSITIVE
9945280,FALSE POSITIVE
9953736,FALSE POSITIVE
9958053,FALSE POSITIVE
9958962,FALSE POSITIVE
9959093,CANDIDATE
9959368,FALSE POSITIVE
9959492,FALSE POSITIVE
9959765,FALSE POSITIVE
9962731,FALSE POSITIVE
9963009,FALSE POSITIVE
9963524,CONFIRMED
9963639,FALSE POSITIVE
9965691,FALSE POSITIVE
9966115,FALSE POSITIVE
9966219,FALSE POSITIVE
9970396,FALSE POSITIVE
9971475,FALSE POSITIVE
9974142,FALSE POSITIVE
9974142,FALSE POSITIVE
10000490,FALSE POSITIVE
10002049,CANDIDATE
10010452,FALSE POSITIVE
10011213,FALSE POSITIVE
10014702,FALSE POSITIVE
10014875,FALSE POSITIVE
10019854,CANDIDATE
10020423,FALSE POSITIVE
10023069,CANDIDATE
10026136,FALSE POSITIVE
10026457,FALSE POSITIVE
10026458,FALSE POSITIVE
10028127,FALSE POSITIVE
10028352,FALSE POSITIVE
10028792,CANDIDATE
10031409,FALSE POSITIVE
10031526,FALSE POSITIVE
10031643,CANDIDATE
10031808,FALSE POSITIVE
10053138,CANDIDATE
10055126,CANDIDATE
10063044,FALSE POSITIVE
10066755,FALSE POSITIVE
10070479,CANDIDATE
10079317,FALSE POSITIVE
10079420,CONFIRMED
10079481,FALSE POSITIVE
10081899,FALSE POSITIVE
10089123,CANDIDATE
10090151,FALSE POSITIVE
10091257,FALSE POSITIVE
10093664,FALSE POSITIVE
10095512,FALSE POSITIVE
10098534,FALSE POSITIVE
10118266,CANDIDATE
10118942,FALSE POSITIVE
10122538,CONFIRMED
10122538,CONFIRMED
10122538,CONFIRMED
10128825,FALSE POSITIVE
10129482,FALSE POSITIVE
10132908,FALSE POSITIVE
10139305,FALSE POSITIVE
10140122,CANDIDATE
10147276,FALSE POSITIVE
10155080,FALSE POSITIVE
10155286,FALSE POSITIVE
10155321,FALSE POSITIVE
10156064,FALSE POSITIVE
10156110,CANDIDATE
10160922,CANDIDATE
10163066,FALSE POSITIVE
10163067,CANDIDATE
10164018,FALSE POSITIVE
10189523,FALSE POSITIVE
10198109,FALSE POSITIVE
10198225,CANDIDATE
10198662,CANDIDATE
10198662,CANDIDATE
10199817,FALSE POSITIVE
10199984,CANDIDATE
10200627,CONFIRMED
10205598,FALSE POSITIVE
10208759,FALSE POSITIVE
10208894,FALSE POSITIVE
10214328,FALSE POSITIVE
10214341,FALSE POSITIVE
10214873,FALSE POSITIVE
10215422,FALSE POSITIVE
10219288,FALSE POSITIVE
10219361,CANDIDATE
10226343,FALSE POSITIVE
10226420,FALSE POSITIVE
10228942,FALSE POSITIVE
10253638,FALSE POSITIVE
10253977,FALSE POSITIVE
10257903,FALSE POSITIVE
10258558,FALSE POSITIVE
10263598,CANDIDATE
10264202,FALSE POSITIVE
10264293,CANDIDATE
10266860,FALSE POSITIVE
10267121,FALSE POSITIVE
10268714,FALSE POSITIVE
10268809,FALSE POSITIVE
10274244,FALSE POSITIVE
10275887,FALSE POSITIVE
10281311,FALSE POSITIVE
10284575,FALSE POSITIVE
10288922,FALSE POSITIVE
10290021,CANDIDATE
10290447,FALSE POSITIVE
10292465,FALSE POSITIVE
10294608,FALSE POSITIVE
10296163,FALSE POSITIVE
10321927,FALSE POSITIVE
10321972,FALSE POSITIVE
10322797,FALSE POSITIVE
10330495,FALSE POSITIVE
10331279,FALSE POSITIVE
10332789,FALSE POSITIVE
10338529,FALSE POSITIVE
10338624,FALSE POSITIVE
10340212,FALSE POSITIVE
10340228,FALSE POSITIVE
10340423,FALSE POSITIVE
10341777,FALSE POSITIVE
10341781,FALSE POSITIVE
10341787,FALSE POSITIVE
10341876,FALSE POSITIVE
10341878,FALSE POSITIVE
10342097,FALSE POSITIVE
10345862,FALSE POSITIVE
10346522,FALSE POSITIVE
10350571,CONFIRMED
10351947,FALSE POSITIVE
10352333,CANDIDATE
10352603,FALSE POSITIVE
10357831,FALSE POSITIVE
10363233,FALSE POSITIVE
10363300,FALSE POSITIVE
10383687,CONFIRMED
10383729,FALSE POSITIVE
10385682,FALSE POSITIVE
10385708,FALSE POSITIVE
10388451,CANDIDATE
10389280,FALSE POSITIVE
10396708,CANDIDATE
10397315,FALSE POSITIVE
10397751,CANDIDATE
10397751,CANDIDATE
10403228,FALSE POSITIVE
10404545,FALSE POSITIVE
10405224,FALSE POSITIVE
10405482,FALSE POSITIVE
10405546,FALSE POSITIVE
10407047,FALSE POSITIVE
10407191,FALSE POSITIVE
10407271,FALSE POSITIVE
10407430,FALSE POSITIVE
10407464,FALSE POSITIVE
10414727,CANDIDATE
10414727,FALSE POSITIVE
10415227,FALSE POSITIVE
10417704,CONFIRMED
10420279,FALSE POSITIVE
10420301,CANDIDATE
10422852,FALSE POSITIVE
10425070,FALSE POSITIVE
10425070,FALSE POSITIVE
10450504,CANDIDATE
10452252,FALSE POSITIVE
10454401,FALSE POSITIVE
10459805,FALSE POSITIVE
10461045,FALSE POSITIVE
10462462,FALSE POSITIVE
10462826,FALSE POSITIVE
10464199,FALSE POSITIVE
10467815,FALSE POSITIVE
10467815,FALSE POSITIVE
10468514,FALSE POSITIVE
10468885,CONFIRMED
10470882,FALSE POSITIVE
10470993,FALSE POSITIVE
10471005,FALSE POSITIVE
10471055,FALSE POSITIVE
10471090,FALSE POSITIVE
10471113,FALSE POSITIVE
10471167,FALSE POSITIVE
10471174,FALSE POSITIVE
10471204,FALSE POSITIVE
10471243,FALSE POSITIVE
10471296,FALSE POSITIVE
10471345,FALSE POSITIVE
10480982,FALSE POSITIVE
10481054,FALSE POSITIVE
10483644,FALSE POSITIVE
10486425,FALSE POSITIVE
10490960,FALSE POSITIVE
10491031,FALSE POSITIVE
10493253,FALSE POSITIVE
10515564,CANDIDATE
10519701,FALSE POSITIVE
10527135,FALSE POSITIVE
10532751,FALSE POSITIVE
10535708,FALSE POSITIVE
10535807,FALSE POSITIVE
10535858,FALSE POSITIVE
10535886,FALSE POSITIVE
10535897,FALSE POSITIVE
10535926,FALSE POSITIVE
10535991,FALSE POSITIVE
10536177,FALSE POSITIVE
10536241,CANDIDATE
10545066,CANDIDATE
10546063,CANDIDATE
10547685,FALSE POSITIVE
10549576,FALSE POSITIVE
10551346,FALSE POSITIVE
10552700,FALSE POSITIVE
10556578,FALSE POSITIVE
10583181,FALSE POSITIVE
10585887,FALSE POSITIVE
10586619,FALSE POSITIVE
10592163,FALSE POSITIVE
10597164,FALSE POSITIVE
10601538,FALSE POSITIVE
10601549,FALSE POSITIVE
10601579,FALSE POSITIVE
10604335,CONFIRMED
10613718,FALSE POSITIVE
10614158,FALSE POSITIVE
10614845,FALSE POSITIVE
10616829,FALSE POSITIVE
10619109,FALSE POSITIVE
10621666,CANDIDATE
10646620,FALSE POSITIVE
10647452,FALSE POSITIVE
10649230,FALSE POSITIVE
10659313,FALSE POSITIVE
10659624,CANDIDATE
10661913,FALSE POSITIVE
10661976,FALSE POSITIVE
10662021,FALSE POSITIVE
10662202,CANDIDATE
10662202,CANDIDATE
10664150,FALSE POSITIVE
10665228,CANDIDATE
10665749,CANDIDATE
10670112,FALSE POSITIVE
10680424,FALSE POSITIVE
10685175,FALSE POSITIVE
10685764,CANDIDATE
10686876,FALSE POSITIVE
10686909,FALSE POSITIVE
10686930,FALSE POSITIVE
10710755,FALSE POSITIVE
10711913,FALSE POSITIVE
10717220,CONFIRMED
10727668,FALSE POSITIVE
10728219,FALSE POSITIVE
10730250,CANDIDATE
10730703,CANDIDATE
10732401,FALSE POSITIVE
10735519,FALSE POSITIVE
10735575,FALSE POSITIVE
10735988,FALSE POSITIVE
10736223,FALSE POSITIVE
10736489,CONFIRMED
10743597,CONFIRMED
10743600,FALSE POSITIVE
10751908,CANDIDATE
10753394,FALSE POSITIVE
10753734,FALSE POSITIVE
10790401,CANDIDATE
10793172,CANDIDATE
10794242,FALSE POSITIVE
10794405,FALSE POSITIVE
10801951,FALSE POSITIVE
10809677,FALSE POSITIVE
10812541,CANDIDATE
10813078,CANDIDATE
10815677,FALSE POSITIVE
10816107,FALSE POSITIVE
10843203,FALSE POSITIVE
10843431,CANDIDATE
10844823,FALSE POSITIVE
10847721,FALSE POSITIVE
10847907,FALSE POSITIVE
10848097,CANDIDATE
10849244,FALSE POSITIVE
10855545,CANDIDATE
10857589,FALSE POSITIVE
10862284,CONFIRMED
10862759,FALSE POSITIVE
10866969,CANDIDATE
10867017,FALSE POSITIVE
10875937,FALSE POSITIVE
10877024,FALSE POSITIVE
10879656,FALSE POSITIVE
10907307,FALSE POSITIVE
10909274,FALSE POSITIVE
10916600,CANDIDATE
10920281,CANDIDATE
10920420,FALSE POSITIVE
10920813,FALSE POSITIVE
10923260,FALSE POSITIVE
10924400,FALSE POSITIVE
10932270,FALSE POSITIVE
10935310,FALSE POSITIVE
10936427,FALSE POSITIVE
10937609,FALSE POSITIVE
10964440,CANDIDATE
10965963,FALSE POSITIVE
10971944,FALSE POSITIVE
10973583,FALSE POSITIVE
10976412,CANDIDATE
10979716,FALSE POSITIVE
10982373,CANDIDATE
10987439,FALSE POSITIVE
10989032,FALSE POSITIVE
10989274,FALSE POSITIVE
10991389,FALSE POSITIVE
10991989,FALSE POSITIVE
10992733,FALSE POSITIVE
11019739,CANDIDATE
11021252,FALSE POSITIVE
11027270,FALSE POSITIVE
11027722,FALSE POSITIVE
11029877,FALSE POSITIVE
11032748,CANDIDATE
11068630,CANDIDATE
11071207,FALSE POSITIVE
11073223,FALSE POSITIVE
11074835,CANDIDATE
11076279,FALSE POSITIVE
11080702,CANDIDATE
11087662,FALSE POSITIVE
11092783,FALSE POSITIVE
11098004,CANDIDATE
11098573,CONFIRMED
11098704,CANDIDATE
11099109,FALSE POSITIVE
11099351,FALSE POSITIVE
11124353,FALSE POSITIVE
11124509,FALSE POSITIVE
11125797,CANDIDATE
11129738,CANDIDATE
11134079,FALSE POSITIVE
11135119,FALSE POSITIVE
11137061,FALSE POSITIVE
11139682,CANDIDATE
11144439,FALSE POSITIVE
11145391,FALSE POSITIVE
11145726,FALSE POSITIVE
11147276,FALSE POSITIVE
11147460,FALSE POSITIVE
11152950,FALSE POSITIVE
11154043,FALSE POSITIVE
11176166,CANDIDATE
11179076,CONFIRMED
11182260,FALSE POSITIVE
11182706,FALSE POSITIVE
11187972,CANDIDATE
11198723,FALSE POSITIVE
11199725,FALSE POSITIVE
11200773,FALSE POSITIVE
11228612,FALSE POSITIVE
11232745,FALSE POSITIVE
11233911,FALSE POSITIVE
11234677,FALSE POSITIVE
11235323,FALSE POSITIVE
11240948,FALSE POSITIVE
11241560,CANDIDATE
11244571,CANDIDATE
11250587,CONFIRMED
11250867,FALSE POSITIVE
11251058,FALSE POSITIVE
11252617,FALSE POSITIVE
11252617,FALSE POSITIVE
11282568,CANDIDATE
11285625,FALSE POSITIVE
11286311,CANDIDATE
11287726,FALSE POSITIVE
11288492,CANDIDATE
11288772,CANDIDATE
11290515,CONFIRMED
11294822,CANDIDATE
11295085,FALSE POSITIVE
11296045,FALSE POSITIVE
11296205,FALSE POSITIVE
11296437,FALSE POSITIVE
11296437,CONFIRMED
11296724,CANDIDATE
11296798,FALSE POSITIVE
11303815,CANDIDATE
11338091,FALSE POSITIVE
11340218,FALSE POSITIVE
11341164,CANDIDATE
11348086,FALSE POSITIVE
11350389,FALSE POSITIVE
11350634,FALSE POSITIVE
11356602,FALSE POSITIVE
11357185,FALSE POSITIVE
11358305,CANDIDATE
11358389,CANDIDATE
11358392,FALSE POSITIVE
11359305,FALSE POSITIVE
11391181,FALSE POSITIVE
11392362,CANDIDATE
11393248,CANDIDATE
11400356,FALSE POSITIVE
11401869,FALSE POSITIVE
11404644,FALSE POSITIVE
11408935,FALSE POSITIVE
11409698,FALSE POSITIVE
11411639,CANDIDATE
11442793,CONFIRMED
11443757,CANDIDATE
11444974,FALSE POSITIVE
11446424,CANDIDATE
11449696,FALSE POSITIVE
11450414,CANDIDATE
11453349,CANDIDATE
11453930,FALSE POSITIVE
11455795,FALSE POSITIVE
11456256,FALSE POSITIVE
11456839,FALSE POSITIVE
11457191,FALSE POSITIVE
11462556,FALSE POSITIVE
11462969,FALSE POSITIVE
11462969,FALSE POSITIVE
11463950,FALSE POSITIVE
11495989,FALSE POSITIVE
11499757,FALSE POSITIVE
11501492,FALSE POSITIVE
11501774,FALSE POSITIVE
11502172,FALSE POSITIVE
11502179,CANDIDATE
11506235,FALSE POSITIVE
11516930,FALSE POSITIVE
11519226,FALSE POSITIVE
11551652,FALSE POSITIVE
11558217,FALSE POSITIVE
11558882,FALSE POSITIVE
11559304,CANDIDATE
11560382,FALSE POSITIVE
11560397,FALSE POSITIVE
11560431,FALSE POSITIVE
11560447,FALSE POSITIVE
11564013,FALSE POSITIVE
11565903,FALSE POSITIVE
11566064,CANDIDATE
11601357,CANDIDATE
11601597,FALSE POSITIVE
11602794,CANDIDATE
11607193,FALSE POSITIVE
11612241,FALSE POSITIVE
11615481,FALSE POSITIVE
11616200,FALSE POSITIVE
11616631,FALSE POSITIVE
11616663,FALSE POSITIVE
11618798,CANDIDATE
11619964,FALSE POSITIVE
11621897,FALSE POSITIVE
11623629,CANDIDATE
11649292,FALSE POSITIVE
11650543,CANDIDATE
11651105,FALSE POSITIVE
11656928,CANDIDATE
11656928,CANDIDATE
11656928,FALSE POSITIVE
11661803,FALSE POSITIVE
11661803,FALSE POSITIVE
11662440,FALSE POSITIVE
11671646,FALSE POSITIVE
11672354,CANDIDATE
11673686,FALSE POSITIVE
11704044,FALSE POSITIVE
11705004,CANDIDATE
11706658,FALSE POSITIVE
11709006,FALSE POSITIVE
11709022,FALSE POSITIVE
11714107,FALSE POSITIVE
11724091,FALSE POSITIVE
11724094,FALSE POSITIVE
11724210,FALSE POSITIVE
11752632,FALSE POSITIVE
11756821,FALSE POSITIVE
11757422,CANDIDATE
11760931,FALSE POSITIVE
11763910,FALSE POSITIVE
11768970,FALSE POSITIVE
11769146,FALSE POSITIVE
11773625,CANDIDATE
11774383,FALSE POSITIVE
11775507,FALSE POSITIVE
11775507,CANDIDATE
11775507,FALSE POSITIVE
11775530,CANDIDATE
11804952,FALSE POSITIVE
11810124,CANDIDATE
11811382,FALSE POSITIVE
11811454,FALSE POSITIVE
11812199,FALSE POSITIVE
11817750,FALSE POSITIVE
11819135,FALSE POSITIVE
11825996,CANDIDATE
11826400,FALSE POSITIVE
11854061,FALSE POSITIVE
11854636,FALSE POSITIVE
11855538,FALSE POSITIVE
11856178,CONFIRMED
11858541,FALSE POSITIVE
11867071,FALSE POSITIVE
11867733,FALSE POSITIVE
11868122,FALSE POSITIVE
11872364,CANDIDATE
11873166,FALSE POSITIVE
11873171,FALSE POSITIVE
11904704,CANDIDATE
11904835,FALSE POSITIVE
11906217,FALSE POSITIVE
11911561,FALSE POSITIVE
11912932,FALSE POSITIVE
11913052,FALSE POSITIVE
11913071,FALSE POSITIVE
11918482,FALSE POSITIVE
11918793,CANDIDATE
11922290,FALSE POSITIVE
11922648,FALSE POSITIVE
11922782,FALSE POSITIVE
11923074,FALSE POSITIVE
11923819,FALSE POSITIVE
11959569,FALSE POSITIVE
11966557,FALSE POSITIVE
11966668,FALSE POSITIVE
11967004,FALSE POSITIVE
11967872,CANDIDATE
11968463,CONFIRMED
11968463,CANDIDATE
11968463,FALSE POSITIVE
11968490,FALSE POSITIVE
11970288,FALSE POSITIVE
11974540,CANDIDATE
11975363,FALSE POSITIVE
12004656,FALSE POSITIVE
12004679,FALSE POSITIVE
12004680,CANDIDATE
12004689,FALSE POSITIVE
12008916,CANDIDATE
12010534,FALSE POSITIVE
12012872,CANDIDATE
12013615,FALSE POSITIVE
12016243,CANDIDATE
12021943,CANDIDATE
12022517,FALSE POSITIVE
12022718,FALSE POSITIVE
12053823,FALSE POSITIVE
12067960,CANDIDATE
12069319,FALSE POSITIVE
12071006,FALSE POSITIVE
12105785,FALSE POSITIVE
12106875,CANDIDATE
12108293,FALSE POSITIVE
12116489,CANDIDATE
12117215,FALSE POSITIVE
12120307,CONFIRMED
12121118,FALSE POSITIVE
12156930,CANDIDATE
12157983,FALSE POSITIVE
12164751,FALSE POSITIVE
12168280,FALSE POSITIVE
12170767,CANDIDATE
12206313,CONFIRMED
12207117,CANDIDATE
12208631,CANDIDATE
12217907,FALSE POSITIVE
12251779,FALSE POSITIVE
12252732,FALSE POSITIVE
12253534,FALSE POSITIVE
12266099,CANDIDATE
12266636,CANDIDATE
12268220,FALSE POSITIVE
12302391,FALSE POSITIVE
12304202,FALSE POSITIVE
12304728,CANDIDATE
12306808,FALSE POSITIVE
12307496,FALSE POSITIVE
12351927,FALSE POSITIVE
12353633,FALSE POSITIVE
12353720,FALSE POSITIVE
12356746,FALSE POSITIVE
12356914,FALSE POSITIVE
12365000,FALSE POSITIVE
12365015,FALSE POSITIVE
12367017,FALSE POSITIVE
12367310,FALSE POSITIVE
12367464,FALSE POSITIVE
12403968,FALSE POSITIVE
12418662,FALSE POSITIVE
12418816,FALSE POSITIVE
12419303,FALSE POSITIVE
12453855,FALSE POSITIVE
12454800,CANDIDATE
12458817,CANDIDATE
12459808,FALSE POSITIVE
12470041,FALSE POSITIVE
12470530,FALSE POSITIVE
12504353,FALSE POSITIVE
12506342,CONFIRMED
12519942,CANDIDATE
12554051,FALSE POSITIVE
12554485,FALSE POSITIVE
12555140,FALSE POSITIVE
12555616,CANDIDATE
12557713,FALSE POSITIVE
12600735,CANDIDATE
12602999,CANDIDATE
12643582,FALSE POSITIVE
12644020,FALSE POSITIVE
12647110,FALSE POSITIVE
12647757,FALSE POSITIVE
12735793,FALSE POSITIVE
12735830,CANDIDATE
12885212,CANDIDATE
